localtime, instancia, T, N, z_exact,z_relax, z, z_inc, t_exact, t, gap_cost, gap_gvng, exitos_k[0], exitos_k[1] , exitos_k[2], exitos_l[0], exitos_l[1] , exitos_l[2]
Sun Jun  6 11:02:47 2021,uc_45.json,48,73,533340501.6,524319947.3,inf,inf,6.521827220916748,212.39041256904602,inf,inf,0,0,0,0,0,0
Sun Jun  6 11:15:02 2021,uc_46.json,48,73,480369954.9,468734616.7,inf,inf,6.577766180038452,219.78716158866882,inf,inf,0,0,0,0,0,0
Sun Jun  6 12:52:41 2021,uc_45.json,48,73,533169730.1,524319947.3,1189647796.5,767072180.3,6.172996759414673,1189.1572711467743,1.2312740754875342,0.4387016686598409,13,1,0,58,4,0
Sun Jun  6 13:56:32 2021,uc_45.json,48,73,533169730.1,524319947.3,1189647796.5,933011636.1,7.089922904968262,323.80353236198425,1.2312740754875342,0.7499336206254708,2,0,0,25,0,0
Sun Jun  6 14:12:44 2021,uc_45.json,48,73,533169730.1,524319947.3,1189647796.5,991754257.7,5.619723558425903,353.04432797431946,1.2312740754875342,0.8601098332332743,3,0,0,26,1,0
Sun Jun  6 20:41:49 2021,uc_45.json,48,73,533169730.1,524319947.3,1189647796.5,757155072.6,5.629883766174316,529.6783425807953,1.2312740754875342,0.4201013859468308,4,0,0,46,1,0
